维护类型,季节组,n_events,平台提升中位数,平台提升比例中位数,恢复比例中位数,rho截断占比,固定增益季节修正因子,恢复比例季节修正因子,季节维护效应是否可靠
medium,spring,28,16.939572180375148,0.2598135539690237,0.9907585895629734,0.2777777777777778,0.9496297791634251,1.213784809152524,True
medium,summer,25,16.21714901659952,0.1886255891836312,0.7813788785156442,0.42857142857142855,1.0,1.0,False
medium,autumn,25,17.567640979923453,0.21898794915501024,0.7294681870455083,0.4444444444444444,1.0,1.0,False
medium,winter,32,22.14037052007579,0.33888839242120455,0.7968955722213308,0.23809523809523808,1.241185724391202,0.9762819623595903,True
major,spring,4,16.2689351055769,0.22323815958830762,1.0,1.0,1.0,1.0,False
major,summer,2,8.641510386668543,0.08114803437732335,,,1.0,1.0,False
major,autumn,5,13.504990215701099,0.19009132565132517,0.2596410878631502,0.0,0.8262666300924423,0.3425221914055834,True
major,winter,6,19.052300872711506,0.41874398055458784,0.8045781782156791,0.16666666666666666,1.165663964665478,1.0614109000529233,True
