device_id,total_cycles,eligible_cycles,ineligible_cycles,right_censored_cycles,eligible_ratio
a1,11,8,3,0,0.7272727272727273
a2,11,10,1,0,0.9090909090909091
a3,12,8,4,0,0.6666666666666666
a4,12,7,5,0,0.5833333333333334
a5,12,11,1,0,0.9166666666666666
a6,11,8,3,0,0.7272727272727273
a7,12,10,2,0,0.8333333333333334
a8,12,10,2,0,0.8333333333333334
a9,12,9,3,0,0.75
a10,12,11,1,0,0.9166666666666666
all,117,92,25,0,0.7863247863247863
