window_days,maintenance_type,n_eligible_events,gain_abs_mean,gain_abs_median,gain_abs_q25,gain_abs_q75,gain_rel_median
1,medium,99,18.893681270865617,18.7081044256348,10.242745389971454,25.753848790363275,0.2550220992166601
1,major,16,16.24647249759446,16.92123844568645,12.703124438833003,19.359655151066256,0.2423849425809339
3,medium,102,18.197021182892044,17.64471159568481,10.000205024483197,24.88651586775944,0.2363156883219567
3,major,17,15.504022833454442,16.420247112008646,12.002128584893306,18.72777987601141,0.24307589712604896
5,medium,107,17.77535440276069,17.488669049627703,9.90615612102108,24.262146405963257,0.23597425042120493
5,major,17,14.764219473607447,15.633801361585157,10.808560038255145,18.122850546957707,0.23075099632465237
7,medium,104,17.16524274252334,17.40982546134169,10.53737744448712,23.579490149906245,0.22540161450619045
7,major,17,13.831622277778834,15.161871505038505,9.778203402736196,17.059424240197778,0.21690080063291764
