variable,daily_median,device_centered_per,season_adjusted_per,days_since_last_maintenance,days_from_observation_start,post_medium_window_1_3,post_major_window_1_3
daily_median,1.0,0.9100060075729792,0.7743740709606689,-0.16605151035199653,-0.37818664965122367,0.08690353559815074,-0.008043260288741758
device_centered_per,0.9100060075729792,1.0,0.8519483318098874,-0.17115753883766943,-0.4002938379191496,0.09140717984133656,-7.759617763706824e-05
season_adjusted_per,0.7743740709606689,0.8519483318098874,1.0,-0.32592910978134665,-0.33915385251111935,0.12710320303543868,0.021765947025439557
days_since_last_maintenance,-0.16605151035199653,-0.17115753883766943,-0.32592910978134665,1.0,-0.05367884638004302,-0.3681049700293143,-0.14287926102176118
days_from_observation_start,-0.37818664965122367,-0.4002938379191496,-0.33915385251111935,-0.05367884638004302,1.0,0.025299710285123206,0.03221340481688379
post_medium_window_1_3,0.08690353559815074,0.09140717984133656,0.12710320303543868,-0.3681049700293143,0.025299710285123206,1.0,-0.01855355504251498
post_major_window_1_3,-0.008043260288741758,-7.759617763706824e-05,0.021765947025439557,-0.14287926102176118,0.03221340481688379,-0.01855355504251498,1.0
